time,x1,y1,z1,x2,y2,z2
0.000000,0.000000,0.000000,0.000000,0.000000,1.000000,0.000000
0.001000,0.000000,-0.000500,0.000000,0.000000,1.000500,0.000000
0.002000,0.000000,-0.001000,0.000000,0.000000,1.001000,0.000000
0.003000,0.000000,-0.001500,0.000000,0.000000,1.001500,0.000000
0.004000,0.000000,-0.002000,0.000000,0.000000,1.002000,0.000000
0.005000,0.000000,-0.002500,0.000000,0.000000,1.002500,0.000000
0.006000,0.000000,-0.003000,0.000000,0.000000,1.003000,0.000000
0.007000,0.000000,-0.003500,0.000000,0.000000,1.003500,0.000000
0.008000,0.000000,-0.004000,0.000000,0.000000,1.004000,0.000000
0.009000,0.000000,-0.004500,0.000000,0.000000,1.004500,0.000000
0.010000,0.000000,-0.005000,0.000000,0.000000,1.005000,0.000000
0.011000,0.000000,-0.005500,0.000000,0.000000,1.005500,0.000000
0.012000,0.000000,-0.006000,0.000000,0.000000,1.006000,0.000000
0.013000,0.000000,-0.006500,0.000000,0.000000,1.006500,0.000000
0.014000,0.000000,-0.007000,0.000000,0.000000,1.007000,0.000000
0.015000,0.000000,-0.007499,0.000000,0.000000,1.007499,0.000000
0.016000,0.000000,-0.007999,0.000000,0.000000,1.007999,0.000000
0.017000,0.000000,-0.008499,0.000000,0.000000,1.008499,0.000000
0.018000,0.000000,-0.008999,0.000000,0.000000,1.008999,0.000000
0.019000,0.000000,-0.009499,0.000000,0.000000,1.009499,0.000000
0.020000,0.000000,-0.009999,0.000000,0.000000,1.009999,0.000000
0.021000,0.000000,-0.010498,0.000000,0.000000,1.010498,0.000000
0.022000,0.000000,-0.010998,0.000000,0.000000,1.010998,0.000000
0.023000,0.000000,-0.011498,0.000000,0.000000,1.011498,0.000000
0.024000,0.000000,-0.011998,0.000000,0.000000,1.011998,0.000000
0.025000,0.000000,-0.012497,0.000000,0.000000,1.012497,0.000000
0.026000,0.000000,-0.012997,0.000000,0.000000,1.012997,0.000000
0.027000,0.000000,-0.013497,0.000000,0.000000,1.013497,0.000000
0.028000,0.000000,-0.013996,0.000000,0.000000,1.013996,0.000000
0.029000,0.000000,-0.014496,0.000000,0.000000,1.014496,0.000000
0.030000,0.000000,-0.014996,0.000000,0.000000,1.014996,0.000000
0.031000,0.000000,-0.015495,0.000000,0.000000,1.015495,0.000000
0.032000,0.000000,-0.015995,0.000000,0.000000,1.015995,0.000000
0.033000,0.000000,-0.016494,0.000000,0.000000,1.016494,0.000000
0.034000,0.000000,-0.016993,0.000000,0.000000,1.016993,0.000000
0.035000,0.000000,-0.017493,0.000000,0.000000,1.017493,0.000000
0.036000,0.000000,-0.017992,0.000000,0.000000,1.017992,0.000000
0.037000,0.000000,-0.018492,0.000000,0.000000,1.018492,0.000000
0.038000,0.000000,-0.018991,0.000000,0.000000,1.018991,0.000000
0.039000,0.000000,-0.019490,0.000000,0.000000,1.019490,0.000000
0.040000,0.000000,-0.019989,0.000000,0.000000,1.019989,0.000000
0.041000,0.000000,-0.020489,0.000000,0.000000,1.020489,0.000000
0.042000,0.000000,-0.020988,0.000000,0.000000,1.020988,0.000000
0.043000,0.000000,-0.021487,0.000000,0.000000,1.021487,0.000000
0.044000,0.000000,-0.021986,0.000000,0.000000,1.021986,0.000000
0.045000,0.000000,-0.022485,0.000000,0.000000,1.022485,0.000000
0.046000,0.000000,-0.022984,0.000000,0.000000,1.022984,0.000000
0.047000,0.000000,-0.023483,0.000000,0.000000,1.023483,0.000000
0.048000,0.000000,-0.023982,0.000000,0.000000,1.023982,0.000000
0.049000,0.000000,-0.024480,0.000000,0.000000,1.024480,0.000000
0.050000,0.000000,-0.024979,0.000000,0.000000,1.024979,0.000000
0.051000,0.000000,-0.025478,0.000000,0.000000,1.025478,0.000000
0.052000,0.000000,-0.025977,0.000000,0.000000,1.025977,0.000000
0.053000,0.000000,-0.026475,0.000000,0.000000,1.026475,0.000000
0.054000,0.000000,-0.026974,0.000000,0.000000,1.026974,0.000000
0.055000,0.000000,-0.027472,0.000000,0.000000,1.027472,0.000000
0.056000,0.000000,-0.027971,0.000000,0.000000,1.027971,0.000000
0.057000,0.000000,-0.028469,0.000000,0.000000,1.028469,0.000000
0.058000,0.000000,-0.028968,0.000000,0.000000,1.028968,0.000000
0.059000,0.000000,-0.029466,0.000000,0.000000,1.029466,0.000000
0.060000,0.000000,-0.029964,0.000000,0.000000,1.029964,0.000000
0.061000,0.000000,-0.030462,0.000000,0.000000,1.030462,0.000000
0.062000,0.000000,-0.030960,0.000000,0.000000,1.030960,0.000000
0.063000,0.000000,-0.031458,0.000000,0.000000,1.031458,0.000000
0.064000,0.000000,-0.031956,0.000000,0.000000,1.031956,0.000000
0.065000,0.000000,-0.032454,0.000000,0.000000,1.032454,0.000000
0.066000,0.000000,-0.032952,0.000000,0.000000,1.032952,0.000000
0.067000,0.000000,-0.033450,0.000000,0.000000,1.033450,0.000000
0.068000,0.000000,-0.033948,0.000000,0.000000,1.033948,0.000000
0.069000,0.000000,-0.034445,0.000000,0.000000,1.034445,0.000000
0.070000,0.000000,-0.034943,0.000000,0.000000,1.034943,0.000000
0.071000,0.000000,-0.035440,0.000000,0.000000,1.035440,0.000000
0.072000,0.000000,-0.035938,0.000000,0.000000,1.035938,0.000000
0.073000,0.000000,-0.036435,0.000000,0.000000,1.036435,0.000000
0.074000,0.000000,-0.036933,0.000000,0.000000,1.036933,0.000000
0.075000,0.000000,-0.037430,0.000000,0.000000,1.037430,0.000000
0.076000,0.000000,-0.037927,0.000000,0.000000,1.037927,0.000000
0.077000,0.000000,-0.038424,0.000000,0.000000,1.038424,0.000000
0.078000,0.000000,-0.038921,0.000000,0.000000,1.038921,0.000000
0.079000,0.000000,-0.039418,0.000000,0.000000,1.039418,0.000000
0.080000,0.000000,-0.039915,0.000000,0.000000,1.039915,0.000000
0.081000,0.000000,-0.040411,0.000000,0.000000,1.040411,0.000000
0.082000,0.000000,-0.040908,0.000000,0.000000,1.040908,0.000000
0.083000,0.000000,-0.041405,0.000000,0.000000,1.041405,0.000000
0.084000,0.000000,-0.041901,0.000000,0.000000,1.041901,0.000000
0.085000,0.000000,-0.042398,0.000000,0.000000,1.042398,0.000000
0.086000,0.000000,-0.042894,0.000000,0.000000,1.042894,0.000000
0.087000,0.000000,-0.043390,0.000000,0.000000,1.043390,0.000000
0.088000,0.000000,-0.043887,0.000000,0.000000,1.043887,0.000000
0.089000,0.000000,-0.044383,0.000000,0.000000,1.044383,0.000000
0.090000,0.000000,-0.044879,0.000000,0.000000,1.044879,0.000000
0.091000,0.000000,-0.045375,0.000000,0.000000,1.045375,0.000000
0.092000,0.000000,-0.045870,0.000000,0.000000,1.045870,0.000000
0.093000,0.000000,-0.046366,0.000000,0.000000,1.046366,0.000000
0.094000,0.000000,-0.046862,0.000000,0.000000,1.046862,0.000000
0.095000,0.000000,-0.047357,0.000000,0.000000,1.047357,0.000000
0.096000,0.000000,-0.047853,0.000000,0.000000,1.047853,0.000000
0.097000,0.000000,-0.048348,0.000000,0.000000,1.048348,0.000000
0.098000,0.000000,-0.048843,0.000000,0.000000,1.048843,0.000000
0.099000,0.000000,-0.049338,0.000000,0.000000,1.049338,0.000000
0.100000,0.000000,-0.049834,0.000000,0.000000,1.049834,0.000000
0.101000,0.000000,-0.050328,0.000000,0.000000,1.050328,0.000000
0.102000,0.000000,-0.050823,0.000000,0.000000,1.050823,0.000000
0.103000,0.000000,-0.051318,0.000000,0.000000,1.051318,0.000000
0.104000,0.000000,-0.051813,0.000000,0.000000,1.051813,0.000000
0.105000,0.000000,-0.052307,0.000000,0.000000,1.052307,0.000000
0.106000,0.000000,-0.052802,0.000000,0.000000,1.052802,0.000000
0.107000,0.000000,-0.053296,0.000000,0.000000,1.053296,0.000000
0.108000,0.000000,-0.053790,0.000000,0.000000,1.053790,0.000000
0.109000,0.000000,-0.054284,0.000000,0.000000,1.054284,0.000000
0.110000,0.000000,-0.054778,0.000000,0.000000,1.054778,0.000000
0.111000,0.000000,-0.055272,0.000000,0.000000,1.055272,0.000000
0.112000,0.000000,-0.055766,0.000000,0.000000,1.055766,0.000000
0.113000,0.000000,-0.056260,0.000000,0.000000,1.056260,0.000000
0.114000,0.000000,-0.056753,0.000000,0.000000,1.056753,0.000000
0.115000,0.000000,-0.057247,0.000000,0.000000,1.057247,0.000000
0.116000,0.000000,-0.057740,0.000000,0.000000,1.057740,0.000000
0.117000,0.000000,-0.058233,0.000000,0.000000,1.058233,0.000000
0.118000,0.000000,-0.058727,0.000000,0.000000,1.058727,0.000000
0.119000,0.000000,-0.059220,0.000000,0.000000,1.059220,0.000000
0.120000,0.000000,-0.059712,0.000000,0.000000,1.059712,0.000000
0.121000,0.000000,-0.060205,0.000000,0.000000,1.060205,0.000000
0.122000,0.000000,-0.060698,0.000000,0.000000,1.060698,0.000000
0.123000,0.000000,-0.061190,0.000000,0.000000,1.061190,0.000000
0.124000,0.000000,-0.061683,0.000000,0.000000,1.061683,0.000000
0.125000,0.000000,-0.062175,0.000000,0.000000,1.062175,0.000000
0.126000,0.000000,-0.062667,0.000000,0.000000,1.062667,0.000000
0.127000,0.000000,-0.063159,0.000000,0.000000,1.063159,0.000000
0.128000,0.000000,-0.063651,0.000000,0.000000,1.063651,0.000000
0.129000,0.000000,-0.064143,0.000000,0.000000,1.064143,0.000000
0.130000,0.000000,-0.064634,0.000000,0.000000,1.064634,0.000000
0.131000,0.000000,-0.065126,0.000000,0.000000,1.065126,0.000000
0.132000,0.000000,-0.065617,0.000000,0.000000,1.065617,0.000000
0.133000,0.000000,-0.066109,0.000000,0.000000,1.066109,0.000000
0.134000,0.000000,-0.066600,0.000000,0.000000,1.066600,0.000000
0.135000,0.000000,-0.067091,0.000000,0.000000,1.067091,0.000000
0.136000,0.000000,-0.067582,0.000000,0.000000,1.067582,0.000000
0.137000,0.000000,-0.068072,0.000000,0.000000,1.068072,0.000000
0.138000,0.000000,-0.068563,0.000000,0.000000,1.068563,0.000000
0.139000,0.000000,-0.069053,0.000000,0.000000,1.069053,0.000000
0.140000,0.000000,-0.069544,0.000000,0.000000,1.069544,0.000000
0.141000,0.000000,-0.070034,0.000000,0.000000,1.070034,0.000000
0.142000,0.000000,-0.070524,0.000000,0.000000,1.070524,0.000000
0.143000,0.000000,-0.071014,0.000000,0.000000,1.071014,0.000000
0.144000,0.000000,-0.071503,0.000000,0.000000,1.071503,0.000000
0.145000,0.000000,-0.071993,0.000000,0.000000,1.071993,0.000000
0.146000,0.000000,-0.072482,0.000000,0.000000,1.072482,0.000000
0.147000,0.000000,-0.072972,0.000000,0.000000,1.072972,0.000000
0.148000,0.000000,-0.073461,0.000000,0.000000,1.073461,0.000000
0.149000,0.000000,-0.073950,0.000000,0.000000,1.073950,0.000000
0.150000,0.000000,-0.074439,0.000000,0.000000,1.074439,0.000000
0.151000,0.000000,-0.074928,0.000000,0.000000,1.074928,0.000000
0.152000,0.000000,-0.075416,0.000000,0.000000,1.075416,0.000000
0.153000,0.000000,-0.075904,0.000000,0.000000,1.075904,0.000000
0.154000,0.000000,-0.076393,0.000000,0.000000,1.076393,0.000000
0.155000,0.000000,-0.076881,0.000000,0.000000,1.076881,0.000000
0.156000,0.000000,-0.077369,0.000000,0.000000,1.077369,0.000000
0.157000,0.000000,-0.077857,0.000000,0.000000,1.077857,0.000000
0.158000,0.000000,-0.078344,0.000000,0.000000,1.078344,0.000000
0.159000,0.000000,-0.078832,0.000000,0.000000,1.078832,0.000000
0.160000,0.000000,-0.079319,0.000000,0.000000,1.079319,0.000000
0.161000,0.000000,-0.079806,0.000000,0.000000,1.079806,0.000000
0.162000,0.000000,-0.080293,0.000000,0.000000,1.080293,0.000000
0.163000,0.000000,-0.080780,0.000000,0.000000,1.080780,0.000000
0.164000,0.000000,-0.081267,0.000000,0.000000,1.081267,0.000000
0.165000,0.000000,-0.081753,0.000000,0.000000,1.081753,0.000000
0.166000,0.000000,-0.082240,0.000000,0.000000,1.082240,0.000000
0.167000,0.000000,-0.082726,0.000000,0.000000,1.082726,0.000000
0.168000,0.000000,-0.083212,0.000000,0.000000,1.083212,0.000000
0.169000,0.000000,-0.083698,0.000000,0.000000,1.083698,0.000000
0.170000,0.000000,-0.084184,0.000000,0.000000,1.084184,0.000000
0.171000,0.000000,-0.084669,0.000000,0.000000,1.084669,0.000000
0.172000,0.000000,-0.085154,0.000000,0.000000,1.085154,0.000000
0.173000,0.000000,-0.085640,0.000000,0.000000,1.085640,0.000000
0.174000,0.000000,-0.086125,0.000000,0.000000,1.086125,0.000000
0.175000,0.000000,-0.086610,0.000000,0.000000,1.086610,0.000000
0.176000,0.000000,-0.087094,0.000000,0.000000,1.087094,0.000000
0.177000,0.000000,-0.087579,0.000000,0.000000,1.087579,0.000000
0.178000,0.000000,-0.088063,0.000000,0.000000,1.088063,0.000000
0.179000,0.000000,-0.088547,0.000000,0.000000,1.088547,0.000000
0.180000,0.000000,-0.089031,0.000000,0.000000,1.089031,0.000000
0.181000,0.000000,-0.089515,0.000000,0.000000,1.089515,0.000000
0.182000,0.000000,-0.089999,0.000000,0.000000,1.089999,0.000000
0.183000,0.000000,-0.090482,0.000000,0.000000,1.090482,0.000000
0.184000,0.000000,-0.090965,0.000000,0.000000,1.090965,0.000000
0.185000,0.000000,-0.091448,0.000000,0.000000,1.091448,0.000000
0.186000,0.000000,-0.091931,0.000000,0.000000,1.091931,0.000000
0.187000,0.000000,-0.092414,0.000000,0.000000,1.092414,0.000000
0.188000,0.000000,-0.092896,0.000000,0.000000,1.092896,0.000000
0.189000,0.000000,-0.093379,0.000000,0.000000,1.093379,0.000000
0.190000,0.000000,-0.093861,0.000000,0.000000,1.093861,0.000000
0.191000,0.000000,-0.094343,0.000000,0.000000,1.094343,0.000000
0.192000,0.000000,-0.094825,0.000000,0.000000,1.094825,0.000000
0.193000,0.000000,-0.095306,0.000000,0.000000,1.095306,0.000000
0.194000,0.000000,-0.095788,0.000000,0.000000,1.095788,0.000000
0.195000,0.000000,-0.096269,0.000000,0.000000,1.096269,0.000000
0.196000,0.000000,-0.096750,0.000000,0.000000,1.096750,0.000000
0.197000,0.000000,-0.097231,0.000000,0.000000,1.097231,0.000000
0.198000,0.000000,-0.097711,0.000000,0.000000,1.097711,0.000000
0.199000,0.000000,-0.098192,0.000000,0.000000,1.098192,0.000000
0.200000,0.000000,-0.098672,0.000000,0.000000,1.098672,0.000000
0.201000,0.000000,-0.099152,0.000000,0.000000,1.099152,0.000000
0.202000,0.000000,-0.099632,0.000000,0.000000,1.099632,0.000000
0.203000,0.000000,-0.100112,0.000000,0.000000,1.100112,0.000000
0.204000,0.000000,-0.100591,0.000000,0.000000,1.100591,0.000000
0.205000,0.000000,-0.101070,0.000000,0.000000,1.101070,0.000000
0.206000,0.000000,-0.101549,0.000000,0.000000,1.101549,0.000000
0.207000,0.000000,-0.102028,0.000000,0.000000,1.102028,0.000000
0.208000,0.000000,-0.102507,0.000000,0.000000,1.102507,0.000000
0.209000,0.000000,-0.102985,0.000000,0.000000,1.102985,0.000000
0.210000,0.000000,-0.103463,0.000000,0.000000,1.103463,0.000000
0.211000,0.000000,-0.103941,0.000000,0.000000,1.103941,0.000000
0.212000,0.000000,-0.104419,0.000000,0.000000,1.104419,0.000000
0.213000,0.000000,-0.104897,0.000000,0.000000,1.104897,0.000000
0.214000,0.000000,-0.105374,0.000000,0.000000,1.105374,0.000000
0.215000,0.000000,-0.105851,0.000000,0.000000,1.105851,0.000000
0.216000,0.000000,-0.106328,0.000000,0.000000,1.106328,0.000000
0.217000,0.000000,-0.106805,0.000000,0.000000,1.106805,0.000000
0.218000,0.000000,-0.107282,0.000000,0.000000,1.107282,0.000000
0.219000,0.000000,-0.107758,0.000000,0.000000,1.107758,0.000000
0.220000,0.000000,-0.108234,0.000000,0.000000,1.108234,0.000000
0.221000,0.000000,-0.108710,0.000000,0.000000,1.108710,0.000000
0.222000,0.000000,-0.109185,0.000000,0.000000,1.109185,0.000000
0.223000,0.000000,-0.109661,0.000000,0.000000,1.109661,0.000000
0.224000,0.000000,-0.110136,0.000000,0.000000,1.110136,0.000000
0.225000,0.000000,-0.110611,0.000000,0.000000,1.110611,0.000000
0.226000,0.000000,-0.111086,0.000000,0.000000,1.111086,0.000000
0.227000,0.000000,-0.111561,0.000000,0.000000,1.111561,0.000000
0.228000,0.000000,-0.112035,0.000000,0.000000,1.112035,0.000000
0.229000,0.000000,-0.112509,0.000000,0.000000,1.112509,0.000000
0.230000,0.000000,-0.112983,0.000000,0.000000,1.112983,0.000000
0.231000,0.000000,-0.113457,0.000000,0.000000,1.113457,0.000000
0.232000,0.000000,-0.113930,0.000000,0.000000,1.113930,0.000000
0.233000,0.000000,-0.114403,0.000000,0.000000,1.114403,0.000000
0.234000,0.000000,-0.114876,0.000000,0.000000,1.114876,0.000000
0.235000,0.000000,-0.115349,0.000000,0.000000,1.115349,0.000000
0.236000,0.000000,-0.115821,0.000000,0.000000,1.115821,0.000000
0.237000,0.000000,-0.116294,0.000000,0.000000,1.116294,0.000000
0.238000,0.000000,-0.116766,0.000000,0.000000,1.116766,0.000000
0.239000,0.000000,-0.117238,0.000000,0.000000,1.117238,0.000000
0.240000,0.000000,-0.117709,0.000000,0.000000,1.117709,0.000000
0.241000,0.000000,-0.118181,0.000000,0.000000,1.118181,0.000000
0.242000,0.000000,-0.118652,0.000000,0.000000,1.118652,0.000000
0.243000,0.000000,-0.119123,0.000000,0.000000,1.119123,0.000000
0.244000,0.000000,-0.119593,0.000000,0.000000,1.119593,0.000000
0.245000,0.000000,-0.120064,0.000000,0.000000,1.120064,0.000000
0.246000,0.000000,-0.120534,0.000000,0.000000,1.120534,0.000000
0.247000,0.000000,-0.121004,0.000000,0.000000,1.121004,0.000000
0.248000,0.000000,-0.121473,0.000000,0.000000,1.121473,0.000000
0.249000,0.000000,-0.121943,0.000000,0.000000,1.121943,0.000000
0.250000,0.000000,-0.122412,0.000000,0.000000,1.122412,0.000000
0.251000,0.000000,-0.122881,0.000000,0.000000,1.122881,0.000000
0.252000,0.000000,-0.123350,0.000000,0.000000,1.123350,0.000000
0.253000,0.000000,-0.123818,0.000000,0.000000,1.123818,0.000000
0.254000,0.000000,-0.124286,0.000000,0.000000,1.124286,0.000000
0.255000,0.000000,-0.124754,0.000000,0.000000,1.124754,0.000000
0.256000,0.000000,-0.125222,0.000000,0.000000,1.125222,0.000000
0.257000,0.000000,-0.125690,0.000000,0.000000,1.125690,0.000000
0.258000,0.000000,-0.126157,0.000000,0.000000,1.126157,0.000000
0.259000,0.000000,-0.126624,0.000000,0.000000,1.126624,0.000000
0.260000,0.000000,-0.127090,0.000000,0.000000,1.127090,0.000000
0.261000,0.000000,-0.127557,0.000000,0.000000,1.127557,0.000000
0.262000,0.000000,-0.128023,0.000000,0.000000,1.128023,0.000000
0.263000,0.000000,-0.128489,0.000000,0.000000,1.128489,0.000000
0.264000,0.000000,-0.128955,0.000000,0.000000,1.128955,0.000000
0.265000,0.000000,-0.129420,0.000000,0.000000,1.129420,0.000000
0.266000,0.000000,-0.129885,0.000000,0.000000,1.129885,0.000000
0.267000,0.000000,-0.130350,0.000000,0.000000,1.130350,0.000000
0.268000,0.000000,-0.130815,0.000000,0.000000,1.130815,0.000000
0.269000,0.000000,-0.131279,0.000000,0.000000,1.131279,0.000000
0.270000,0.000000,-0.131743,0.000000,0.000000,1.131743,0.000000
0.271000,0.000000,-0.132207,0.000000,0.000000,1.132207,0.000000
0.272000,0.000000,-0.132671,0.000000,0.000000,1.132671,0.000000
0.273000,0.000000,-0.133134,0.000000,0.000000,1.133134,0.000000
0.274000,0.000000,-0.133597,0.000000,0.000000,1.133597,0.000000
0.275000,0.000000,-0.134060,0.000000,0.000000,1.134060,0.000000
0.276000,0.000000,-0.134523,0.000000,0.000000,1.134523,0.000000
0.277000,0.000000,-0.134985,0.000000,0.000000,1.134985,0.000000
0.278000,0.000000,-0.135447,0.000000,0.000000,1.135447,0.000000
0.279000,0.000000,-0.135909,0.000000,0.000000,1.135909,0.000000
0.280000,0.000000,-0.136370,0.000000,0.000000,1.136370,0.000000
0.281000,0.000000,-0.136831,0.000000,0.000000,1.136831,0.000000
0.282000,0.000000,-0.137292,0.000000,0.000000,1.137292,0.000000
0.283000,0.000000,-0.137753,0.000000,0.000000,1.137753,0.000000
0.284000,0.000000,-0.138213,0.000000,0.000000,1.138213,0.000000
0.285000,0.000000,-0.138673,0.000000,0.000000,1.138673,0.000000
0.286000,0.000000,-0.139133,0.000000,0.000000,1.139133,0.000000
0.287000,0.000000,-0.139592,0.000000,0.000000,1.139592,0.000000
0.288000,0.000000,-0.140052,0.000000,0.000000,1.140052,0.000000
0.289000,0.000000,-0.140511,0.000000,0.000000,1.140511,0.000000
0.290000,0.000000,-0.140969,0.000000,0.000000,1.140969,0.000000
0.291000,0.000000,-0.141428,0.000000,0.000000,1.141428,0.000000
0.292000,0.000000,-0.141886,0.000000,0.000000,1.141886,0.000000
0.293000,0.000000,-0.142344,0.000000,0.000000,1.142344,0.000000
0.294000,0.000000,-0.142801,0.000000,0.000000,1.142801,0.000000
0.295000,0.000000,-0.143258,0.000000,0.000000,1.143258,0.000000
0.296000,0.000000,-0.143715,0.000000,0.000000,1.143715,0.000000
0.297000,0.000000,-0.144172,0.000000,0.000000,1.144172,0.000000
0.298000,0.000000,-0.144628,0.000000,0.000000,1.144628,0.000000
0.299000,0.000000,-0.145085,0.000000,0.000000,1.145085,0.000000
0.300000,0.000000,-0.145540,0.000000,0.000000,1.145540,0.000000
0.301000,0.000000,-0.145996,0.000000,0.000000,1.145996,0.000000
0.302000,0.000000,-0.146451,0.000000,0.000000,1.146451,0.000000
0.303000,0.000000,-0.146906,0.000000,0.000000,1.146906,0.000000
0.304000,0.000000,-0.147361,0.000000,0.000000,1.147361,0.000000
0.305000,0.000000,-0.147815,0.000000,0.000000,1.147815,0.000000
0.306000,0.000000,-0.148269,0.000000,0.000000,1.148269,0.000000
0.307000,0.000000,-0.148723,0.000000,0.000000,1.148723,0.000000
0.308000,0.000000,-0.149176,0.000000,0.000000,1.149176,0.000000
0.309000,0.000000,-0.149630,0.000000,0.000000,1.149630,0.000000
0.310000,0.000000,-0.150082,0.000000,0.000000,1.150082,0.000000
0.311000,0.000000,-0.150535,0.000000,0.000000,1.150535,0.000000
0.312000,0.000000,-0.150987,0.000000,0.000000,1.150987,0.000000
0.313000,0.000000,-0.151439,0.000000,0.000000,1.151439,0.000000
0.314000,0.000000,-0.151891,0.000000,0.000000,1.151891,0.000000
0.315000,0.000000,-0.152342,0.000000,0.000000,1.152342,0.000000
0.316000,0.000000,-0.152793,0.000000,0.000000,1.152793,0.000000
0.317000,0.000000,-0.153244,0.000000,0.000000,1.153244,0.000000
0.318000,0.000000,-0.153694,0.000000,0.000000,1.153694,0.000000
0.319000,0.000000,-0.154145,0.000000,0.000000,1.154145,0.000000
0.320000,0.000000,-0.154594,0.000000,0.000000,1.154594,0.000000
0.321000,0.000000,-0.155044,0.000000,0.000000,1.155044,0.000000
0.322000,0.000000,-0.155493,0.000000,0.000000,1.155493,0.000000
0.323000,0.000000,-0.155942,0.000000,0.000000,1.155942,0.000000
0.324000,0.000000,-0.156391,0.000000,0.000000,1.156391,0.000000
0.325000,0.000000,-0.156839,0.000000,0.000000,1.156839,0.000000
0.326000,0.000000,-0.157287,0.000000,0.000000,1.157287,0.000000
0.327000,0.000000,-0.157734,0.000000,0.000000,1.157734,0.000000
0.328000,0.000000,-0.158182,0.000000,0.000000,1.158182,0.000000
0.329000,0.000000,-0.158629,0.000000,0.000000,1.158629,0.000000
0.330000,0.000000,-0.159075,0.000000,0.000000,1.159075,0.000000
0.331000,0.000000,-0.159522,0.000000,0.000000,1.159522,0.000000
0.332000,0.000000,-0.159968,0.000000,0.000000,1.159968,0.000000
0.333000,0.000000,-0.160414,0.000000,0.000000,1.160414,0.000000
0.334000,0.000000,-0.160859,0.000000,0.000000,1.160859,0.000000
0.335000,0.000000,-0.161304,0.000000,0.000000,1.161304,0.000000
0.336000,0.000000,-0.161749,0.000000,0.000000,1.161749,0.000000
0.337000,0.000000,-0.162193,0.000000,0.000000,1.162193,0.000000
0.338000,0.000000,-0.162637,0.000000,0.000000,1.162637,0.000000
0.339000,0.000000,-0.163081,0.000000,0.000000,1.163081,0.000000
0.340000,0.000000,-0.163525,0.000000,0.000000,1.163525,0.000000
0.341000,0.000000,-0.163968,0.000000,0.000000,1.163968,0.000000
0.342000,0.000000,-0.164411,0.000000,0.000000,1.164411,0.000000
0.343000,0.000000,-0.164853,0.000000,0.000000,1.164853,0.000000
0.344000,0.000000,-0.165295,0.000000,0.000000,1.165295,0.000000
0.345000,0.000000,-0.165737,0.000000,0.000000,1.165737,0.000000
0.346000,0.000000,-0.166179,0.000000,0.000000,1.166179,0.000000
0.347000,0.000000,-0.166620,0.000000,0.000000,1.166620,0.000000
0.348000,0.000000,-0.167061,0.000000,0.000000,1.167061,0.000000
0.349000,0.000000,-0.167501,0.000000,0.000000,1.167501,0.000000
0.350000,0.000000,-0.167941,0.000000,0.000000,1.167941,0.000000
0.351000,0.000000,-0.168381,0.000000,0.000000,1.168381,0.000000
0.352000,0.000000,-0.168821,0.000000,0.000000,1.168821,0.000000
0.353000,0.000000,-0.169260,0.000000,0.000000,1.169260,0.000000
0.354000,0.000000,-0.169699,0.000000,0.000000,1.169699,0.000000
0.355000,0.000000,-0.170137,0.000000,0.000000,1.170137,0.000000
0.356000,0.000000,-0.170575,0.000000,0.000000,1.170575,0.000000
0.357000,0.000000,-0.171013,0.000000,0.000000,1.171013,0.000000
0.358000,0.000000,-0.171450,0.000000,0.000000,1.171450,0.000000
0.359000,0.000000,-0.171887,0.000000,0.000000,1.171887,0.000000
0.360000,0.000000,-0.172324,0.000000,0.000000,1.172324,0.000000
0.361000,0.000000,-0.172761,0.000000,0.000000,1.172761,0.000000
0.362000,0.000000,-0.173197,0.000000,0.000000,1.173197,0.000000
0.363000,0.000000,-0.173632,0.000000,0.000000,1.173632,0.000000
0.364000,0.000000,-0.174068,0.000000,0.000000,1.174068,0.000000
0.365000,0.000000,-0.174503,0.000000,0.000000,1.174503,0.000000
0.366000,0.000000,-0.174938,0.000000,0.000000,1.174938,0.000000
0.367000,0.000000,-0.175372,0.000000,0.000000,1.175372,0.000000
0.368000,0.000000,-0.175806,0.000000,0.000000,1.175806,0.000000
0.369000,0.000000,-0.176239,0.000000,0.000000,1.176239,0.000000
0.370000,0.000000,-0.176673,0.000000,0.000000,1.176673,0.000000
0.371000,0.000000,-0.177106,0.000000,0.000000,1.177106,0.000000
0.372000,0.000000,-0.177538,0.000000,0.000000,1.177538,0.000000
0.373000,0.000000,-0.177970,0.000000,0.000000,1.177970,0.000000
0.374000,0.000000,-0.178402,0.000000,0.000000,1.178402,0.000000
0.375000,0.000000,-0.178834,0.000000,0.000000,1.178834,0.000000
0.376000,0.000000,-0.179265,0.000000,0.000000,1.179265,0.000000
0.377000,0.000000,-0.179696,0.000000,0.000000,1.179696,0.000000
0.378000,0.000000,-0.180126,0.000000,0.000000,1.180126,0.000000
0.379000,0.000000,-0.180556,0.000000,0.000000,1.180556,0.000000
0.380000,0.000000,-0.180986,0.000000,0.000000,1.180986,0.000000
0.381000,0.000000,-0.181415,0.000000,0.000000,1.181415,0.000000
0.382000,0.000000,-0.181844,0.000000,0.000000,1.181844,0.000000
0.383000,0.000000,-0.182273,0.000000,0.000000,1.182273,0.000000
0.384000,0.000000,-0.182701,0.000000,0.000000,1.182701,0.000000
0.385000,0.000000,-0.183129,0.000000,0.000000,1.183129,0.000000
0.386000,0.000000,-0.183556,0.000000,0.000000,1.183556,0.000000
0.387000,0.000000,-0.183984,0.000000,0.000000,1.183984,0.000000
0.388000,0.000000,-0.184410,0.000000,0.000000,1.184410,0.000000
0.389000,0.000000,-0.184837,0.000000,0.000000,1.184837,0.000000
0.390000,0.000000,-0.185263,0.000000,0.000000,1.185263,0.000000
0.391000,0.000000,-0.185689,0.000000,0.000000,1.185689,0.000000
0.392000,0.000000,-0.186114,0.000000,0.000000,1.186114,0.000000
0.393000,0.000000,-0.186539,0.000000,0.000000,1.186539,0.000000
0.394000,0.000000,-0.186963,0.000000,0.000000,1.186963,0.000000
0.395000,0.000000,-0.187387,0.000000,0.000000,1.187387,0.000000
0.396000,0.000000,-0.187811,0.000000,0.000000,1.187811,0.000000
0.397000,0.000000,-0.188235,0.000000,0.000000,1.188235,0.000000
0.398000,0.000000,-0.188658,0.000000,0.000000,1.188658,0.000000
0.399000,0.000000,-0.189080,0.000000,0.000000,1.189080,0.000000
0.400000,0.000000,-0.189503,0.000000,0.000000,1.189503,0.000000
0.401000,0.000000,-0.189925,0.000000,0.000000,1.189925,0.000000
0.402000,0.000000,-0.190346,0.000000,0.000000,1.190346,0.000000
0.403000,0.000000,-0.190767,0.000000,0.000000,1.190767,0.000000
0.404000,0.000000,-0.191188,0.000000,0.000000,1.191188,0.000000
0.405000,0.000000,-0.191609,0.000000,0.000000,1.191609,0.000000
0.406000,0.000000,-0.192029,0.000000,0.000000,1.192029,0.000000
0.407000,0.000000,-0.192448,0.000000,0.000000,1.192448,0.000000
0.408000,0.000000,-0.192867,0.000000,0.000000,1.192867,0.000000
0.409000,0.000000,-0.193286,0.000000,0.000000,1.193286,0.000000
0.410000,0.000000,-0.193705,0.000000,0.000000,1.193705,0.000000
0.411000,0.000000,-0.194123,0.000000,0.000000,1.194123,0.000000
0.412000,0.000000,-0.194541,0.000000,0.000000,1.194541,0.000000
0.413000,0.000000,-0.194958,0.000000,0.000000,1.194958,0.000000
0.414000,0.000000,-0.195375,0.000000,0.000000,1.195375,0.000000
0.415000,0.000000,-0.195791,0.000000,0.000000,1.195791,0.000000
0.416000,0.000000,-0.196207,0.000000,0.000000,1.196207,0.000000
0.417000,0.000000,-0.196623,0.000000,0.000000,1.196623,0.000000
0.418000,0.000000,-0.197039,0.000000,0.000000,1.197039,0.000000
0.419000,0.000000,-0.197454,0.000000,0.000000,1.197454,0.000000
0.420000,0.000000,-0.197868,0.000000,0.000000,1.197868,0.000000
0.421000,0.000000,-0.198282,0.000000,0.000000,1.198282,0.000000
0.422000,0.000000,-0.198696,0.000000,0.000000,1.198696,0.000000
0.423000,0.000000,-0.199109,0.000000,0.000000,1.199109,0.000000
0.424000,0.000000,-0.199522,0.000000,0.000000,1.199522,0.000000
0.425000,0.000000,-0.199935,0.000000,0.000000,1.199935,0.000000
0.426000,0.000000,-0.200347,0.000000,0.000000,1.200347,0.000000
0.427000,0.000000,-0.200759,0.000000,0.000000,1.200759,0.000000
0.428000,0.000000,-0.201170,0.000000,0.000000,1.201170,0.000000
0.429000,0.000000,-0.201581,0.000000,0.000000,1.201581,0.000000
0.430000,0.000000,-0.201992,0.000000,0.000000,1.201992,0.000000
0.431000,0.000000,-0.202402,0.000000,0.000000,1.202402,0.000000
0.432000,0.000000,-0.202812,0.000000,0.000000,1.202812,0.000000
0.433000,0.000000,-0.203221,0.000000,0.000000,1.203221,0.000000
0.434000,0.000000,-0.203630,0.000000,0.000000,1.203630,0.000000
0.435000,0.000000,-0.204039,0.000000,0.000000,1.204039,0.000000
0.436000,0.000000,-0.204447,0.000000,0.000000,1.204447,0.000000
0.437000,0.000000,-0.204854,0.000000,0.000000,1.204854,0.000000
0.438000,0.000000,-0.205262,0.000000,0.000000,1.205262,0.000000
0.439000,0.000000,-0.205669,0.000000,0.000000,1.205669,0.000000
0.440000,0.000000,-0.206075,0.000000,0.000000,1.206075,0.000000
0.441000,0.000000,-0.206481,0.000000,0.000000,1.206481,0.000000
0.442000,0.000000,-0.206887,0.000000,0.000000,1.206887,0.000000
0.443000,0.000000,-0.207292,0.000000,0.000000,1.207292,0.000000
0.444000,0.000000,-0.207697,0.000000,0.000000,1.207697,0.000000
0.445000,0.000000,-0.208101,0.000000,0.000000,1.208101,0.000000
0.446000,0.000000,-0.208505,0.000000,0.000000,1.208505,0.000000
0.447000,0.000000,-0.208909,0.000000,0.000000,1.208909,0.000000
0.448000,0.000000,-0.209312,0.000000,0.000000,1.209312,0.000000
0.449000,0.000000,-0.209715,0.000000,0.000000,1.209715,0.000000
0.450000,0.000000,-0.210117,0.000000,0.000000,1.210117,0.000000
0.451000,0.000000,-0.210519,0.000000,0.000000,1.210519,0.000000
0.452000,0.000000,-0.210921,0.000000,0.000000,1.210921,0.000000
0.453000,0.000000,-0.211322,0.000000,0.000000,1.211322,0.000000
0.454000,0.000000,-0.211722,0.000000,0.000000,1.211722,0.000000
0.455000,0.000000,-0.212123,0.000000,0.000000,1.212123,0.000000
0.456000,0.000000,-0.212522,0.000000,0.000000,1.212522,0.000000
0.457000,0.000000,-0.212922,0.000000,0.000000,1.212922,0.000000
0.458000,0.000000,-0.213321,0.000000,0.000000,1.213321,0.000000
0.459000,0.000000,-0.213719,0.000000,0.000000,1.213719,0.000000
0.460000,0.000000,-0.214117,0.000000,0.000000,1.214117,0.000000
0.461000,0.000000,-0.214515,0.000000,0.000000,1.214515,0.000000
0.462000,0.000000,-0.214912,0.000000,0.000000,1.214912,0.000000
0.463000,0.000000,-0.215309,0.000000,0.000000,1.215309,0.000000
0.464000,0.000000,-0.215705,0.000000,0.000000,1.215705,0.000000
0.465000,0.000000,-0.216101,0.000000,0.000000,1.216101,0.000000
0.466000,0.000000,-0.216497,0.000000,0.000000,1.216497,0.000000
0.467000,0.000000,-0.216892,0.000000,0.000000,1.216892,0.000000
0.468000,0.000000,-0.217286,0.000000,0.000000,1.217286,0.000000
0.469000,0.000000,-0.217681,0.000000,0.000000,1.217681,0.000000
0.470000,0.000000,-0.218074,0.000000,0.000000,1.218074,0.000000
0.471000,0.000000,-0.218468,0.000000,0.000000,1.218468,0.000000
0.472000,0.000000,-0.218861,0.000000,0.000000,1.218861,0.000000
0.473000,0.000000,-0.219253,0.000000,0.000000,1.219253,0.000000
0.474000,0.000000,-0.219645,0.000000,0.000000,1.219645,0.000000
0.475000,0.000000,-0.220037,0.000000,0.000000,1.220037,0.000000
0.476000,0.000000,-0.220428,0.000000,0.000000,1.220428,0.000000
0.477000,0.000000,-0.220819,0.000000,0.000000,1.220819,0.000000
0.478000,0.000000,-0.221209,0.000000,0.000000,1.221209,0.000000
0.479000,0.000000,-0.221599,0.000000,0.000000,1.221599,0.000000
0.480000,0.000000,-0.221988,0.000000,0.000000,1.221988,0.000000
0.481000,0.000000,-0.222377,0.000000,0.000000,1.222377,0.000000
0.482000,0.000000,-0.222766,0.000000,0.000000,1.222766,0.000000
0.483000,0.000000,-0.223154,0.000000,0.000000,1.223154,0.000000
0.484000,0.000000,-0.223541,0.000000,0.000000,1.223541,0.000000
0.485000,0.000000,-0.223928,0.000000,0.000000,1.223928,0.000000
0.486000,0.000000,-0.224315,0.000000,0.000000,1.224315,0.000000
0.487000,0.000000,-0.224701,0.000000,0.000000,1.224701,0.000000
0.488000,0.000000,-0.225087,0.000000,0.000000,1.225087,0.000000
0.489000,0.000000,-0.225472,0.000000,0.000000,1.225472,0.000000
0.490000,0.000000,-0.225857,0.000000,0.000000,1.225857,0.000000
0.491000,0.000000,-0.226242,0.000000,0.000000,1.226242,0.000000
0.492000,0.000000,-0.226626,0.000000,0.000000,1.226626,0.000000
0.493000,0.000000,-0.227009,0.000000,0.000000,1.227009,0.000000
0.494000,0.000000,-0.227392,0.000000,0.000000,1.227392,0.000000
0.495000,0.000000,-0.227775,0.000000,0.000000,1.227775,0.000000
0.496000,0.000000,-0.228157,0.000000,0.000000,1.228157,0.000000
0.497000,0.000000,-0.228539,0.000000,0.000000,1.228539,0.000000
0.498000,0.000000,-0.228920,0.000000,0.000000,1.228920,0.000000
0.499000,0.000000,-0.229301,0.000000,0.000000,1.229301,0.000000
0.500000,0.000000,-0.229681,0.000000,0.000000,1.229681,0.000000
0.501000,0.000000,-0.230061,0.000000,0.000000,1.230061,0.000000
0.502000,0.000000,-0.230441,0.000000,0.000000,1.230441,0.000000
0.503000,0.000000,-0.230820,0.000000,0.000000,1.230820,0.000000
0.504000,0.000000,-0.231198,0.000000,0.000000,1.231198,0.000000
0.505000,0.000000,-0.231576,0.000000,0.000000,1.231576,0.000000
0.506000,0.000000,-0.231954,0.000000,0.000000,1.231954,0.000000
0.507000,0.000000,-0.232331,0.000000,0.000000,1.232331,0.000000
0.508000,0.000000,-0.232708,0.000000,0.000000,1.232708,0.000000
0.509000,0.000000,-0.233084,0.000000,0.000000,1.233084,0.000000
0.510000,0.000000,-0.233460,0.000000,0.000000,1.233460,0.000000
0.511000,0.000000,-0.233835,0.000000,0.000000,1.233835,0.000000
0.512000,0.000000,-0.234210,0.000000,0.000000,1.234210,0.000000
0.513000,0.000000,-0.234584,0.000000,0.000000,1.234584,0.000000
0.514000,0.000000,-0.234958,0.000000,0.000000,1.234958,0.000000
0.515000,0.000000,-0.235331,0.000000,0.000000,1.235331,0.000000
0.516000,0.000000,-0.235704,0.000000,0.000000,1.235704,0.000000
0.517000,0.000000,-0.236076,0.000000,0.000000,1.236076,0.000000
0.518000,0.000000,-0.236448,0.000000,0.000000,1.236448,0.000000
0.519000,0.000000,-0.236820,0.000000,0.000000,1.236820,0.000000
0.520000,0.000000,-0.237191,0.000000,0.000000,1.237191,0.000000
0.521000,0.000000,-0.237562,0.000000,0.000000,1.237562,0.000000
0.522000,0.000000,-0.237932,0.000000,0.000000,1.237932,0.000000
0.523000,0.000000,-0.238301,0.000000,0.000000,1.238301,0.000000
0.524000,0.000000,-0.238670,0.000000,0.000000,1.238670,0.000000
0.525000,0.000000,-0.239039,0.000000,0.000000,1.239039,0.000000
0.526000,0.000000,-0.239407,0.000000,0.000000,1.239407,0.000000
0.527000,0.000000,-0.239775,0.000000,0.000000,1.239775,0.000000
0.528000,0.000000,-0.240142,0.000000,0.000000,1.240142,0.000000
0.529000,0.000000,-0.240509,0.000000,0.000000,1.240509,0.000000
0.530000,0.000000,-0.240875,0.000000,0.000000,1.240875,0.000000
0.531000,0.000000,-0.241241,0.000000,0.000000,1.241241,0.000000
0.532000,0.000000,-0.241606,0.000000,0.000000,1.241606,0.000000
0.533000,0.000000,-0.241971,0.000000,0.000000,1.241971,0.000000
0.534000,0.000000,-0.242335,0.000000,0.000000,1.242335,0.000000
0.535000,0.000000,-0.242699,0.000000,0.000000,1.242699,0.000000
0.536000,0.000000,-0.243062,0.000000,0.000000,1.243062,0.000000
0.537000,0.000000,-0.243425,0.000000,0.000000,1.243425,0.000000
0.538000,0.000000,-0.243788,0.000000,0.000000,1.243788,0.000000
0.539000,0.000000,-0.244149,0.000000,0.000000,1.244149,0.000000
0.540000,0.000000,-0.244511,0.000000,0.000000,1.244511,0.000000
0.541000,0.000000,-0.244872,0.000000,0.000000,1.244872,0.000000
0.542000,0.000000,-0.245232,0.000000,0.000000,1.245232,0.000000
0.543000,0.000000,-0.245592,0.000000,0.000000,1.245592,0.000000
0.544000,0.000000,-0.245951,0.000000,0.000000,1.245951,0.000000
0.545000,0.000000,-0.246310,0.000000,0.000000,1.246310,0.000000
0.546000,0.000000,-0.246669,0.000000,0.000000,1.246669,0.000000
0.547000,0.000000,-0.247027,0.000000,0.000000,1.247027,0.000000
0.548000,0.000000,-0.247384,0.000000,0.000000,1.247384,0.000000
0.549000,0.000000,-0.247741,0.000000,0.000000,1.247741,0.000000
0.550000,0.000000,-0.248098,0.000000,0.000000,1.248098,0.000000
0.551000,0.000000,-0.248454,0.000000,0.000000,1.248454,0.000000
0.552000,0.000000,-0.248809,0.000000,0.000000,1.248809,0.000000
0.553000,0.000000,-0.249164,0.000000,0.000000,1.249164,0.000000
0.554000,0.000000,-0.249519,0.000000,0.000000,1.249519,0.000000
0.555000,0.000000,-0.249873,0.000000,0.000000,1.249873,0.000000
0.556000,0.000000,-0.250226,0.000000,0.000000,1.250226,0.000000
0.557000,0.000000,-0.250579,0.000000,0.000000,1.250579,0.000000
0.558000,0.000000,-0.250932,0.000000,0.000000,1.250932,0.000000
0.559000,0.000000,-0.251284,0.000000,0.000000,1.251284,0.000000
0.560000,0.000000,-0.251635,0.000000,0.000000,1.251635,0.000000
0.561000,0.000000,-0.251986,0.000000,0.000000,1.251986,0.000000
0.562000,0.000000,-0.252336,0.000000,0.000000,1.252336,0.000000
0.563000,0.000000,-0.252686,0.000000,0.000000,1.252686,0.000000
0.564000,0.000000,-0.253036,0.000000,0.000000,1.253036,0.000000
0.565000,0.000000,-0.253385,0.000000,0.000000,1.253385,0.000000
0.566000,0.000000,-0.253733,0.000000,0.000000,1.253733,0.000000
0.567000,0.000000,-0.254081,0.000000,0.000000,1.254081,0.000000
0.568000,0.000000,-0.254429,0.000000,0.000000,1.254429,0.000000
0.569000,0.000000,-0.254776,0.000000,0.000000,1.254776,0.000000
0.570000,0.000000,-0.255122,0.000000,0.000000,1.255122,0.000000
0.571000,0.000000,-0.255468,0.000000,0.000000,1.255468,0.000000
0.572000,0.000000,-0.255813,0.000000,0.000000,1.255813,0.000000
0.573000,0.000000,-0.256158,0.000000,0.000000,1.256158,0.000000
0.574000,0.000000,-0.256503,0.000000,0.000000,1.256503,0.000000
0.575000,0.000000,-0.256846,0.000000,0.000000,1.256846,0.000000
0.576000,0.000000,-0.257190,0.000000,0.000000,1.257190,0.000000
0.577000,0.000000,-0.257533,0.000000,0.000000,1.257533,0.000000
0.578000,0.000000,-0.257875,0.000000,0.000000,1.257875,0.000000
0.579000,0.000000,-0.258217,0.000000,0.000000,1.258217,0.000000
0.580000,0.000000,-0.258558,0.000000,0.000000,1.258558,0.000000
0.581000,0.000000,-0.258899,0.000000,0.000000,1.258899,0.000000
0.582000,0.000000,-0.259239,0.000000,0.000000,1.259239,0.000000
0.583000,0.000000,-0.259579,0.000000,0.000000,1.259579,0.000000
0.584000,0.000000,-0.259918,0.000000,0.000000,1.259918,0.000000
0.585000,0.000000,-0.260257,0.000000,0.000000,1.260257,0.000000
0.586000,0.000000,-0.260595,0.000000,0.000000,1.260595,0.000000
0.587000,0.000000,-0.260932,0.000000,0.000000,1.260932,0.000000
0.588000,0.000000,-0.261270,0.000000,0.000000,1.261270,0.000000
0.589000,0.000000,-0.261606,0.000000,0.000000,1.261606,0.000000
0.590000,0.000000,-0.261942,0.000000,0.000000,1.261942,0.000000
0.591000,0.000000,-0.262278,0.000000,0.000000,1.262278,0.000000
0.592000,0.000000,-0.262613,0.000000,0.000000,1.262613,0.000000
0.593000,0.000000,-0.262947,0.000000,0.000000,1.262947,0.000000
0.594000,0.000000,-0.263281,0.000000,0.000000,1.263281,0.000000
0.595000,0.000000,-0.263615,0.000000,0.000000,1.263615,0.000000
0.596000,0.000000,-0.263948,0.000000,0.000000,1.263948,0.000000
0.597000,0.000000,-0.264280,0.000000,0.000000,1.264280,0.000000
0.598000,0.000000,-0.264612,0.000000,0.000000,1.264612,0.000000
0.599000,0.000000,-0.264943,0.000000,0.000000,1.264943,0.000000
0.600000,0.000000,-0.265274,0.000000,0.000000,1.265274,0.000000
0.601000,0.000000,-0.265604,0.000000,0.000000,1.265604,0.000000
0.602000,0.000000,-0.265934,0.000000,0.000000,1.265934,0.000000
0.603000,0.000000,-0.266263,0.000000,0.000000,1.266263,0.000000
0.604000,0.000000,-0.266592,0.000000,0.000000,1.266592,0.000000
0.605000,0.000000,-0.266920,0.000000,0.000000,1.266920,0.000000
0.606000,0.000000,-0.267248,0.000000,0.000000,1.267248,0.000000
0.607000,0.000000,-0.267575,0.000000,0.000000,1.267575,0.000000
0.608000,0.000000,-0.267901,0.000000,0.000000,1.267901,0.000000
0.609000,0.000000,-0.268227,0.000000,0.000000,1.268227,0.000000
0.610000,0.000000,-0.268553,0.000000,0.000000,1.268553,0.000000
0.611000,0.000000,-0.268878,0.000000,0.000000,1.268878,0.000000
0.612000,0.000000,-0.269202,0.000000,0.000000,1.269202,0.000000
0.613000,0.000000,-0.269526,0.000000,0.000000,1.269526,0.000000
0.614000,0.000000,-0.269849,0.000000,0.000000,1.269849,0.000000
0.615000,0.000000,-0.270172,0.000000,0.000000,1.270172,0.000000
0.616000,0.000000,-0.270494,0.000000,0.000000,1.270494,0.000000
0.617000,0.000000,-0.270816,0.000000,0.000000,1.270816,0.000000
0.618000,0.000000,-0.271137,0.000000,0.000000,1.271137,0.000000
0.619000,0.000000,-0.271458,0.000000,0.000000,1.271458,0.000000
0.620000,0.000000,-0.271778,0.000000,0.000000,1.271778,0.000000
0.621000,0.000000,-0.272098,0.000000,0.000000,1.272098,0.000000
0.622000,0.000000,-0.272417,0.000000,0.000000,1.272417,0.000000
0.623000,0.000000,-0.272735,0.000000,0.000000,1.272735,0.000000
0.624000,0.000000,-0.273053,0.000000,0.000000,1.273053,0.000000
0.625000,0.000000,-0.273370,0.000000,0.000000,1.273370,0.000000
0.626000,0.000000,-0.273687,0.000000,0.000000,1.273687,0.000000
0.627000,0.000000,-0.274003,0.000000,0.000000,1.274003,0.000000
0.628000,0.000000,-0.274319,0.000000,0.000000,1.274319,0.000000
0.629000,0.000000,-0.274634,0.000000,0.000000,1.274634,0.000000
0.630000,0.000000,-0.274949,0.000000,0.000000,1.274949,0.000000
0.631000,0.000000,-0.275263,0.000000,0.000000,1.275263,0.000000
0.632000,0.000000,-0.275576,0.000000,0.000000,1.275576,0.000000
0.633000,0.000000,-0.275889,0.000000,0.000000,1.275889,0.000000
0.634000,0.000000,-0.276202,0.000000,0.000000,1.276202,0.000000
0.635000,0.000000,-0.276514,0.000000,0.000000,1.276514,0.000000
0.636000,0.000000,-0.276825,0.000000,0.000000,1.276825,0.000000
0.637000,0.000000,-0.277136,0.000000,0.000000,1.277136,0.000000
0.638000,0.000000,-0.277446,0.000000,0.000000,1.277446,0.000000
0.639000,0.000000,-0.277755,0.000000,0.000000,1.277755,0.000000
0.640000,0.000000,-0.278064,0.000000,0.000000,1.278064,0.000000
0.641000,0.000000,-0.278373,0.000000,0.000000,1.278373,0.000000
0.642000,0.000000,-0.278681,0.000000,0.000000,1.278681,0.000000
0.643000,0.000000,-0.278988,0.000000,0.000000,1.278988,0.000000
0.644000,0.000000,-0.279295,0.000000,0.000000,1.279295,0.000000
0.645000,0.000000,-0.279602,0.000000,0.000000,1.279602,0.000000
0.646000,0.000000,-0.279907,0.000000,0.000000,1.279907,0.000000
0.647000,0.000000,-0.280212,0.000000,0.000000,1.280212,0.000000
0.648000,0.000000,-0.280517,0.000000,0.000000,1.280517,0.000000
0.649000,0.000000,-0.280821,0.000000,0.000000,1.280821,0.000000
0.650000,0.000000,-0.281125,0.000000,0.000000,1.281125,0.000000
0.651000,0.000000,-0.281428,0.000000,0.000000,1.281428,0.000000
0.652000,0.000000,-0.281730,0.000000,0.000000,1.281730,0.000000
0.653000,0.000000,-0.282032,0.000000,0.000000,1.282032,0.000000
0.654000,0.000000,-0.282333,0.000000,0.000000,1.282333,0.000000
0.655000,0.000000,-0.282634,0.000000,0.000000,1.282634,0.000000
0.656000,0.000000,-0.282934,0.000000,0.000000,1.282934,0.000000
0.657000,0.000000,-0.283233,0.000000,0.000000,1.283233,0.000000
0.658000,0.000000,-0.283532,0.000000,0.000000,1.283532,0.000000
0.659000,0.000000,-0.283831,0.000000,0.000000,1.283831,0.000000
0.660000,0.000000,-0.284129,0.000000,0.000000,1.284129,0.000000
0.661000,0.000000,-0.284426,0.000000,0.000000,1.284426,0.000000
0.662000,0.000000,-0.284723,0.000000,0.000000,1.284723,0.000000
0.663000,0.000000,-0.285019,0.000000,0.000000,1.285019,0.000000
0.664000,0.000000,-0.285314,0.000000,0.000000,1.285314,0.000000
0.665000,0.000000,-0.285609,0.000000,0.000000,1.285609,0.000000
0.666000,0.000000,-0.285904,0.000000,0.000000,1.285904,0.000000
0.667000,0.000000,-0.286197,0.000000,0.000000,1.286197,0.000000
0.668000,0.000000,-0.286491,0.000000,0.000000,1.286491,0.000000
0.669000,0.000000,-0.286783,0.000000,0.000000,1.286783,0.000000
0.670000,0.000000,-0.287076,0.000000,0.000000,1.287076,0.000000
0.671000,0.000000,-0.287367,0.000000,0.000000,1.287367,0.000000
0.672000,0.000000,-0.287658,0.000000,0.000000,1.287658,0.000000
0.673000,0.000000,-0.287949,0.000000,0.000000,1.287949,0.000000
0.674000,0.000000,-0.288238,0.000000,0.000000,1.288238,0.000000
0.675000,0.000000,-0.288528,0.000000,0.000000,1.288528,0.000000
0.676000,0.000000,-0.288816,0.000000,0.000000,1.288816,0.000000
0.677000,0.000000,-0.289104,0.000000,0.000000,1.289104,0.000000
0.678000,0.000000,-0.289392,0.000000,0.000000,1.289392,0.000000
0.679000,0.000000,-0.289679,0.000000,0.000000,1.289679,0.000000
0.680000,0.000000,-0.289965,0.000000,0.000000,1.289965,0.000000
0.681000,0.000000,-0.290251,0.000000,0.000000,1.290251,0.000000
0.682000,0.000000,-0.290536,0.000000,0.000000,1.290536,0.000000
0.683000,0.000000,-0.290821,0.000000,0.000000,1.290821,0.000000
0.684000,0.000000,-0.291105,0.000000,0.000000,1.291105,0.000000
0.685000,0.000000,-0.291388,0.000000,0.000000,1.291388,0.000000
0.686000,0.000000,-0.291671,0.000000,0.000000,1.291671,0.000000
0.687000,0.000000,-0.291954,0.000000,0.000000,1.291954,0.000000
0.688000,0.000000,-0.292235,0.000000,0.000000,1.292235,0.000000
0.689000,0.000000,-0.292516,0.000000,0.000000,1.292516,0.000000
0.690000,0.000000,-0.292797,0.000000,0.000000,1.292797,0.000000
0.691000,0.000000,-0.293077,0.000000,0.000000,1.293077,0.000000
0.692000,0.000000,-0.293356,0.000000,0.000000,1.293356,0.000000
0.693000,0.000000,-0.293635,0.000000,0.000000,1.293635,0.000000
0.694000,0.000000,-0.293913,0.000000,0.000000,1.293913,0.000000
0.695000,0.000000,-0.294191,0.000000,0.000000,1.294191,0.000000
0.696000,0.000000,-0.294468,0.000000,0.000000,1.294468,0.000000
0.697000,0.000000,-0.294744,0.000000,0.000000,1.294744,0.000000
0.698000,0.000000,-0.295020,0.000000,0.000000,1.295020,0.000000
0.699000,0.000000,-0.295295,0.000000,0.000000,1.295295,0.000000
0.700000,0.000000,-0.295570,0.000000,0.000000,1.295570,0.000000
0.701000,0.000000,-0.295844,0.000000,0.000000,1.295844,0.000000
0.702000,0.000000,-0.296118,0.000000,0.000000,1.296118,0.000000
0.703000,0.000000,-0.296391,0.000000,0.000000,1.296391,0.000000
0.704000,0.000000,-0.296663,0.000000,0.000000,1.296663,0.000000
0.705000,0.000000,-0.296935,0.000000,0.000000,1.296935,0.000000
0.706000,0.000000,-0.297206,0.000000,0.000000,1.297206,0.000000
0.707000,0.000000,-0.297476,0.000000,0.000000,1.297476,0.000000
0.708000,0.000000,-0.297746,0.000000,0.000000,1.297746,0.000000
0.709000,0.000000,-0.298015,0.000000,0.000000,1.298015,0.000000
0.710000,0.000000,-0.298284,0.000000,0.000000,1.298284,0.000000
0.711000,0.000000,-0.298552,0.000000,0.000000,1.298552,0.000000
0.712000,0.000000,-0.298820,0.000000,0.000000,1.298820,0.000000
0.713000,0.000000,-0.299087,0.000000,0.000000,1.299087,0.000000
0.714000,0.000000,-0.299353,0.000000,0.000000,1.299353,0.000000
0.715000,0.000000,-0.299619,0.000000,0.000000,1.299619,0.000000
0.716000,0.000000,-0.299884,0.000000,0.000000,1.299884,0.000000
0.717000,0.000000,-0.300148,0.000000,0.000000,1.300148,0.000000
0.718000,0.000000,-0.300412,0.000000,0.000000,1.300412,0.000000
0.719000,0.000000,-0.300676,0.000000,0.000000,1.300676,0.000000
0.720000,0.000000,-0.300938,0.000000,0.000000,1.300938,0.000000
0.721000,0.000000,-0.301201,0.000000,0.000000,1.301201,0.000000
0.722000,0.000000,-0.301462,0.000000,0.000000,1.301462,0.000000
0.723000,0.000000,-0.301723,0.000000,0.000000,1.301723,0.000000
0.724000,0.000000,-0.301983,0.000000,0.000000,1.301983,0.000000
0.725000,0.000000,-0.302243,0.000000,0.000000,1.302243,0.000000
0.726000,0.000000,-0.302502,0.000000,0.000000,1.302502,0.000000
0.727000,0.000000,-0.302761,0.000000,0.000000,1.302761,0.000000
0.728000,0.000000,-0.303019,0.000000,0.000000,1.303019,0.000000
0.729000,0.000000,-0.303276,0.000000,0.000000,1.303276,0.000000
0.730000,0.000000,-0.303533,0.000000,0.000000,1.303533,0.000000
0.731000,0.000000,-0.303789,0.000000,0.000000,1.303789,0.000000
0.732000,0.000000,-0.304044,0.000000,0.000000,1.304044,0.000000
0.733000,0.000000,-0.304299,0.000000,0.000000,1.304299,0.000000
0.734000,0.000000,-0.304553,0.000000,0.000000,1.304553,0.000000
0.735000,0.000000,-0.304807,0.000000,0.000000,1.304807,0.000000
0.736000,0.000000,-0.305060,0.000000,0.000000,1.305060,0.000000
0.737000,0.000000,-0.305312,0.000000,0.000000,1.305312,0.000000
0.738000,0.000000,-0.305564,0.000000,0.000000,1.305564,0.000000
0.739000,0.000000,-0.305816,0.000000,0.000000,1.305816,0.000000
0.740000,0.000000,-0.306066,0.000000,0.000000,1.306066,0.000000
0.741000,0.000000,-0.306316,0.000000,0.000000,1.306316,0.000000
0.742000,0.000000,-0.306565,0.000000,0.000000,1.306565,0.000000
0.743000,0.000000,-0.306814,0.000000,0.000000,1.306814,0.000000
0.744000,0.000000,-0.307062,0.000000,0.000000,1.307062,0.000000
0.745000,0.000000,-0.307310,0.000000,0.000000,1.307310,0.000000
0.746000,0.000000,-0.307557,0.000000,0.000000,1.307557,0.000000
0.747000,0.000000,-0.307803,0.000000,0.000000,1.307803,0.000000
0.748000,0.000000,-0.308049,0.000000,0.000000,1.308049,0.000000
0.749000,0.000000,-0.308294,0.000000,0.000000,1.308294,0.000000
0.750000,0.000000,-0.308538,0.000000,0.000000,1.308538,0.000000
0.751000,0.000000,-0.308782,0.000000,0.000000,1.308782,0.000000
0.752000,0.000000,-0.309025,0.000000,0.000000,1.309025,0.000000
0.753000,0.000000,-0.309268,0.000000,0.000000,1.309268,0.000000
0.754000,0.000000,-0.309510,0.000000,0.000000,1.309510,0.000000
0.755000,0.000000,-0.309751,0.000000,0.000000,1.309751,0.000000
0.756000,0.000000,-0.309992,0.000000,0.000000,1.309992,0.000000
0.757000,0.000000,-0.310232,0.000000,0.000000,1.310232,0.000000
0.758000,0.000000,-0.310472,0.000000,0.000000,1.310472,0.000000
0.759000,0.000000,-0.310711,0.000000,0.000000,1.310711,0.000000
0.760000,0.000000,-0.310949,0.000000,0.000000,1.310949,0.000000
0.761000,0.000000,-0.311187,0.000000,0.000000,1.311187,0.000000
0.762000,0.000000,-0.311424,0.000000,0.000000,1.311424,0.000000
0.763000,0.000000,-0.311660,0.000000,0.000000,1.311660,0.000000
0.764000,0.000000,-0.311896,0.000000,0.000000,1.311896,0.000000
0.765000,0.000000,-0.312131,0.000000,0.000000,1.312131,0.000000
0.766000,0.000000,-0.312365,0.000000,0.000000,1.312365,0.000000
0.767000,0.000000,-0.312599,0.000000,0.000000,1.312599,0.000000
0.768000,0.000000,-0.312833,0.000000,0.000000,1.312833,0.000000
0.769000,0.000000,-0.313065,0.000000,0.000000,1.313065,0.000000
0.770000,0.000000,-0.313297,0.000000,0.000000,1.313297,0.000000
0.771000,0.000000,-0.313529,0.000000,0.000000,1.313529,0.000000
0.772000,0.000000,-0.313759,0.000000,0.000000,1.313759,0.000000
0.773000,0.000000,-0.313990,0.000000,0.000000,1.313990,0.000000
0.774000,0.000000,-0.314219,0.000000,0.000000,1.314219,0.000000
0.775000,0.000000,-0.314448,0.000000,0.000000,1.314448,0.000000
0.776000,0.000000,-0.314676,0.000000,0.000000,1.314676,0.000000
0.777000,0.000000,-0.314904,0.000000,0.000000,1.314904,0.000000
0.778000,0.000000,-0.315131,0.000000,0.000000,1.315131,0.000000
0.779000,0.000000,-0.315357,0.000000,0.000000,1.315357,0.000000
0.780000,0.000000,-0.315583,0.000000,0.000000,1.315583,0.000000
0.781000,0.000000,-0.315808,0.000000,0.000000,1.315808,0.000000
0.782000,0.000000,-0.316033,0.000000,0.000000,1.316033,0.000000
0.783000,0.000000,-0.316256,0.000000,0.000000,1.316256,0.000000
0.784000,0.000000,-0.316480,0.000000,0.000000,1.316480,0.000000
0.785000,0.000000,-0.316702,0.000000,0.000000,1.316702,0.000000
0.786000,0.000000,-0.316924,0.000000,0.000000,1.316924,0.000000
0.787000,0.000000,-0.317145,0.000000,0.000000,1.317145,0.000000
0.788000,0.000000,-0.317366,0.000000,0.000000,1.317366,0.000000
0.789000,0.000000,-0.317586,0.000000,0.000000,1.317586,0.000000
0.790000,0.000000,-0.317806,0.000000,0.000000,1.317806,0.000000
0.791000,0.000000,-0.318024,0.000000,0.000000,1.318024,0.000000
0.792000,0.000000,-0.318242,0.000000,0.000000,1.318242,0.000000
0.793000,0.000000,-0.318460,0.000000,0.000000,1.318460,0.000000
0.794000,0.000000,-0.318677,0.000000,0.000000,1.318677,0.000000
0.795000,0.000000,-0.318893,0.000000,0.000000,1.318893,0.000000
0.796000,0.000000,-0.319109,0.000000,0.000000,1.319109,0.000000
0.797000,0.000000,-0.319324,0.000000,0.000000,1.319324,0.000000
0.798000,0.000000,-0.319538,0.000000,0.000000,1.319538,0.000000
0.799000,0.000000,-0.319752,0.000000,0.000000,1.319752,0.000000
0.800000,0.000000,-0.319965,0.000000,0.000000,1.319965,0.000000
0.801000,0.000000,-0.320177,0.000000,0.000000,1.320177,0.000000
0.802000,0.000000,-0.320389,0.000000,0.000000,1.320389,0.000000
0.803000,0.000000,-0.320600,0.000000,0.000000,1.320600,0.000000
0.804000,0.000000,-0.320810,0.000000,0.000000,1.320810,0.000000
0.805000,0.000000,-0.321020,0.000000,0.000000,1.321020,0.000000
0.806000,0.000000,-0.321229,0.000000,0.000000,1.321229,0.000000
0.807000,0.000000,-0.321438,0.000000,0.000000,1.321438,0.000000
0.808000,0.000000,-0.321646,0.000000,0.000000,1.321646,0.000000
0.809000,0.000000,-0.321853,0.000000,0.000000,1.321853,0.000000
0.810000,0.000000,-0.322060,0.000000,0.000000,1.322060,0.000000
0.811000,0.000000,-0.322266,0.000000,0.000000,1.322266,0.000000
0.812000,0.000000,-0.322471,0.000000,0.000000,1.322471,0.000000
0.813000,0.000000,-0.322676,0.000000,0.000000,1.322676,0.000000
0.814000,0.000000,-0.322880,0.000000,0.000000,1.322880,0.000000
0.815000,0.000000,-0.323083,0.000000,0.000000,1.323083,0.000000
0.816000,0.000000,-0.323286,0.000000,0.000000,1.323286,0.000000
0.817000,0.000000,-0.323488,0.000000,0.000000,1.323488,0.000000
0.818000,0.000000,-0.323689,0.000000,0.000000,1.323689,0.000000
0.819000,0.000000,-0.323890,0.000000,0.000000,1.323890,0.000000
0.820000,0.000000,-0.324090,0.000000,0.000000,1.324090,0.000000
0.821000,0.000000,-0.324290,0.000000,0.000000,1.324290,0.000000
0.822000,0.000000,-0.324489,0.000000,0.000000,1.324489,0.000000
0.823000,0.000000,-0.324687,0.000000,0.000000,1.324687,0.000000
0.824000,0.000000,-0.324884,0.000000,0.000000,1.324884,0.000000
0.825000,0.000000,-0.325081,0.000000,0.000000,1.325081,0.000000
0.826000,0.000000,-0.325278,0.000000,0.000000,1.325278,0.000000
0.827000,0.000000,-0.325473,0.000000,0.000000,1.325473,0.000000
0.828000,0.000000,-0.325668,0.000000,0.000000,1.325668,0.000000
0.829000,0.000000,-0.325862,0.000000,0.000000,1.325862,0.000000
0.830000,0.000000,-0.326056,0.000000,0.000000,1.326056,0.000000
0.831000,0.000000,-0.326249,0.000000,0.000000,1.326249,0.000000
0.832000,0.000000,-0.326441,0.000000,0.000000,1.326441,0.000000
0.833000,0.000000,-0.326633,0.000000,0.000000,1.326633,0.000000
0.834000,0.000000,-0.326824,0.000000,0.000000,1.326824,0.000000
0.835000,0.000000,-0.327015,0.000000,0.000000,1.327015,0.000000
0.836000,0.000000,-0.327204,0.000000,0.000000,1.327204,0.000000
0.837000,0.000000,-0.327393,0.000000,0.000000,1.327393,0.000000
0.838000,0.000000,-0.327582,0.000000,0.000000,1.327582,0.000000
0.839000,0.000000,-0.327770,0.000000,0.000000,1.327770,0.000000
0.840000,0.000000,-0.327957,0.000000,0.000000,1.327957,0.000000
0.841000,0.000000,-0.328143,0.000000,0.000000,1.328143,0.000000
0.842000,0.000000,-0.328329,0.000000,0.000000,1.328329,0.000000
0.843000,0.000000,-0.328514,0.000000,0.000000,1.328514,0.000000
0.844000,0.000000,-0.328699,0.000000,0.000000,1.328699,0.000000
0.845000,0.000000,-0.328882,0.000000,0.000000,1.328882,0.000000
0.846000,0.000000,-0.329066,0.000000,0.000000,1.329066,0.000000
0.847000,0.000000,-0.329248,0.000000,0.000000,1.329248,0.000000
0.848000,0.000000,-0.329430,0.000000,0.000000,1.329430,0.000000
0.849000,0.000000,-0.329611,0.000000,0.000000,1.329611,0.000000
0.850000,0.000000,-0.329792,0.000000,0.000000,1.329792,0.000000
0.851000,0.000000,-0.329972,0.000000,0.000000,1.329972,0.000000
0.852000,0.000000,-0.330151,0.000000,0.000000,1.330151,0.000000
0.853000,0.000000,-0.330329,0.000000,0.000000,1.330329,0.000000
0.854000,0.000000,-0.330507,0.000000,0.000000,1.330507,0.000000
0.855000,0.000000,-0.330684,0.000000,0.000000,1.330684,0.000000
0.856000,0.000000,-0.330861,0.000000,0.000000,1.330861,0.000000
0.857000,0.000000,-0.331037,0.000000,0.000000,1.331037,0.000000
0.858000,0.000000,-0.331212,0.000000,0.000000,1.331212,0.000000
0.859000,0.000000,-0.331387,0.000000,0.000000,1.331387,0.000000
0.860000,0.000000,-0.331561,0.000000,0.000000,1.331561,0.000000
0.861000,0.000000,-0.331734,0.000000,0.000000,1.331734,0.000000
0.862000,0.000000,-0.331907,0.000000,0.000000,1.331907,0.000000
0.863000,0.000000,-0.332078,0.000000,0.000000,1.332078,0.000000
0.864000,0.000000,-0.332250,0.000000,0.000000,1.332250,0.000000
0.865000,0.000000,-0.332420,0.000000,0.000000,1.332420,0.000000
0.866000,0.000000,-0.332590,0.000000,0.000000,1.332590,0.000000
0.867000,0.000000,-0.332760,0.000000,0.000000,1.332760,0.000000
0.868000,0.000000,-0.332928,0.000000,0.000000,1.332928,0.000000
0.869000,0.000000,-0.333096,0.000000,0.000000,1.333096,0.000000
0.870000,0.000000,-0.333263,0.000000,0.000000,1.333263,0.000000
0.871000,0.000000,-0.333430,0.000000,0.000000,1.333430,0.000000
0.872000,0.000000,-0.333596,0.000000,0.000000,1.333596,0.000000
0.873000,0.000000,-0.333761,0.000000,0.000000,1.333761,0.000000
0.874000,0.000000,-0.333926,0.000000,0.000000,1.333926,0.000000
0.875000,0.000000,-0.334090,0.000000,0.000000,1.334090,0.000000
0.876000,0.000000,-0.334253,0.000000,0.000000,1.334253,0.000000
0.877000,0.000000,-0.334416,0.000000,0.000000,1.334416,0.000000
0.878000,0.000000,-0.334578,0.000000,0.000000,1.334578,0.000000
0.879000,0.000000,-0.334739,0.000000,0.000000,1.334739,0.000000
0.880000,0.000000,-0.334899,0.000000,0.000000,1.334899,0.000000
0.881000,0.000000,-0.335059,0.000000,0.000000,1.335059,0.000000
0.882000,0.000000,-0.335219,0.000000,0.000000,1.335219,0.000000
0.883000,0.000000,-0.335377,0.000000,0.000000,1.335377,0.000000
0.884000,0.000000,-0.335535,0.000000,0.000000,1.335535,0.000000
0.885000,0.000000,-0.335692,0.000000,0.000000,1.335692,0.000000
0.886000,0.000000,-0.335849,0.000000,0.000000,1.335849,0.000000
0.887000,0.000000,-0.336005,0.000000,0.000000,1.336005,0.000000
0.888000,0.000000,-0.336160,0.000000,0.000000,1.336160,0.000000
0.889000,0.000000,-0.336315,0.000000,0.000000,1.336315,0.000000
0.890000,0.000000,-0.336469,0.000000,0.000000,1.336469,0.000000
0.891000,0.000000,-0.336622,0.000000,0.000000,1.336622,0.000000
0.892000,0.000000,-0.336774,0.000000,0.000000,1.336774,0.000000
0.893000,0.000000,-0.336926,0.000000,0.000000,1.336926,0.000000
0.894000,0.000000,-0.337077,0.000000,0.000000,1.337077,0.000000
0.895000,0.000000,-0.337228,0.000000,0.000000,1.337228,0.000000
0.896000,0.000000,-0.337378,0.000000,0.000000,1.337378,0.000000
0.897000,0.000000,-0.337527,0.000000,0.000000,1.337527,0.000000
0.898000,0.000000,-0.337675,0.000000,0.000000,1.337675,0.000000
0.899000,0.000000,-0.337823,0.000000,0.000000,1.337823,0.000000
0.900000,0.000000,-0.337970,0.000000,0.000000,1.337970,0.000000
0.901000,0.000000,-0.338117,0.000000,0.000000,1.338117,0.000000
0.902000,0.000000,-0.338263,0.000000,0.000000,1.338263,0.000000
0.903000,0.000000,-0.338408,0.000000,0.000000,1.338408,0.000000
0.904000,0.000000,-0.338552,0.000000,0.000000,1.338552,0.000000
0.905000,0.000000,-0.338696,0.000000,0.000000,1.338696,0.000000
0.906000,0.000000,-0.338839,0.000000,0.000000,1.338839,0.000000
0.907000,0.000000,-0.338981,0.000000,0.000000,1.338981,0.000000
0.908000,0.000000,-0.339123,0.000000,0.000000,1.339123,0.000000
0.909000,0.000000,-0.339264,0.000000,0.000000,1.339264,0.000000
0.910000,0.000000,-0.339405,0.000000,0.000000,1.339405,0.000000
0.911000,0.000000,-0.339544,0.000000,0.000000,1.339544,0.000000
0.912000,0.000000,-0.339683,0.000000,0.000000,1.339683,0.000000
0.913000,0.000000,-0.339822,0.000000,0.000000,1.339822,0.000000
0.914000,0.000000,-0.339959,0.000000,0.000000,1.339959,0.000000
0.915000,0.000000,-0.340096,0.000000,0.000000,1.340096,0.000000
0.916000,0.000000,-0.340233,0.000000,0.000000,1.340233,0.000000
0.917000,0.000000,-0.340368,0.000000,0.000000,1.340368,0.000000
0.918000,0.000000,-0.340503,0.000000,0.000000,1.340503,0.000000
0.919000,0.000000,-0.340637,0.000000,0.000000,1.340637,0.000000
0.920000,0.000000,-0.340771,0.000000,0.000000,1.340771,0.000000
0.921000,0.000000,-0.340904,0.000000,0.000000,1.340904,0.000000
0.922000,0.000000,-0.341036,0.000000,0.000000,1.341036,0.000000
0.923000,0.000000,-0.341168,0.000000,0.000000,1.341168,0.000000
0.924000,0.000000,-0.341298,0.000000,0.000000,1.341298,0.000000
0.925000,0.000000,-0.341429,0.000000,0.000000,1.341429,0.000000
0.926000,0.000000,-0.341558,0.000000,0.000000,1.341558,0.000000
0.927000,0.000000,-0.341687,0.000000,0.000000,1.341687,0.000000
0.928000,0.000000,-0.341815,0.000000,0.000000,1.341815,0.000000
0.929000,0.000000,-0.341942,0.000000,0.000000,1.341942,0.000000
0.930000,0.000000,-0.342069,0.000000,0.000000,1.342069,0.000000
0.931000,0.000000,-0.342195,0.000000,0.000000,1.342195,0.000000
0.932000,0.000000,-0.342321,0.000000,0.000000,1.342321,0.000000
0.933000,0.000000,-0.342445,0.000000,0.000000,1.342445,0.000000
0.934000,0.000000,-0.342569,0.000000,0.000000,1.342569,0.000000
0.935000,0.000000,-0.342693,0.000000,0.000000,1.342693,0.000000
0.936000,0.000000,-0.342815,0.000000,0.000000,1.342815,0.000000
0.937000,0.000000,-0.342937,0.000000,0.000000,1.342937,0.000000
0.938000,0.000000,-0.343058,0.000000,0.000000,1.343058,0.000000
0.939000,0.000000,-0.343179,0.000000,0.000000,1.343179,0.000000
0.940000,0.000000,-0.343299,0.000000,0.000000,1.343299,0.000000
0.941000,0.000000,-0.343418,0.000000,0.000000,1.343418,0.000000
0.942000,0.000000,-0.343537,0.000000,0.000000,1.343537,0.000000
0.943000,0.000000,-0.343654,0.000000,0.000000,1.343654,0.000000
0.944000,0.000000,-0.343772,0.000000,0.000000,1.343772,0.000000
0.945000,0.000000,-0.343888,0.000000,0.000000,1.343888,0.000000
0.946000,0.000000,-0.344004,0.000000,0.000000,1.344004,0.000000
0.947000,0.000000,-0.344119,0.000000,0.000000,1.344119,0.000000
0.948000,0.000000,-0.344233,0.000000,0.000000,1.344233,0.000000
0.949000,0.000000,-0.344347,0.000000,0.000000,1.344347,0.000000
0.950000,0.000000,-0.344460,0.000000,0.000000,1.344460,0.000000
0.951000,0.000000,-0.344572,0.000000,0.000000,1.344572,0.000000
0.952000,0.000000,-0.344684,0.000000,0.000000,1.344684,0.000000
0.953000,0.000000,-0.344795,0.000000,0.000000,1.344795,0.000000
0.954000,0.000000,-0.344905,0.000000,0.000000,1.344905,0.000000
0.955000,0.000000,-0.345015,0.000000,0.000000,1.345015,0.000000
0.956000,0.000000,-0.345124,0.000000,0.000000,1.345124,0.000000
0.957000,0.000000,-0.345232,0.000000,0.000000,1.345232,0.000000
0.958000,0.000000,-0.345339,0.000000,0.000000,1.345339,0.000000
0.959000,0.000000,-0.345446,0.000000,0.000000,1.345446,0.000000
0.960000,0.000000,-0.345552,0.000000,0.000000,1.345552,0.000000
0.961000,0.000000,-0.345658,0.000000,0.000000,1.345658,0.000000
0.962000,0.000000,-0.345762,0.000000,0.000000,1.345762,0.000000
0.963000,0.000000,-0.345866,0.000000,0.000000,1.345866,0.000000
0.964000,0.000000,-0.345970,0.000000,0.000000,1.345970,0.000000
0.965000,0.000000,-0.346072,0.000000,0.000000,1.346072,0.000000
0.966000,0.000000,-0.346174,0.000000,0.000000,1.346174,0.000000
0.967000,0.000000,-0.346276,0.000000,0.000000,1.346276,0.000000
0.968000,0.000000,-0.346376,0.000000,0.000000,1.346376,0.000000
0.969000,0.000000,-0.346476,0.000000,0.000000,1.346476,0.000000
0.970000,0.000000,-0.346575,0.000000,0.000000,1.346575,0.000000
0.971000,0.000000,-0.346674,0.000000,0.000000,1.346674,0.000000
0.972000,0.000000,-0.346772,0.000000,0.000000,1.346772,0.000000
0.973000,0.000000,-0.346869,0.000000,0.000000,1.346869,0.000000
0.974000,0.000000,-0.346965,0.000000,0.000000,1.346965,0.000000
0.975000,0.000000,-0.347061,0.000000,0.000000,1.347061,0.000000
0.976000,0.000000,-0.347156,0.000000,0.000000,1.347156,0.000000
0.977000,0.000000,-0.347250,0.000000,0.000000,1.347250,0.000000
0.978000,0.000000,-0.347344,0.000000,0.000000,1.347344,0.000000
0.979000,0.000000,-0.347437,0.000000,0.000000,1.347437,0.000000
0.980000,0.000000,-0.347529,0.000000,0.000000,1.347529,0.000000
0.981000,0.000000,-0.347621,0.000000,0.000000,1.347621,0.000000
0.982000,0.000000,-0.347712,0.000000,0.000000,1.347712,0.000000
0.983000,0.000000,-0.347802,0.000000,0.000000,1.347802,0.000000
0.984000,0.000000,-0.347891,0.000000,0.000000,1.347891,0.000000
0.985000,0.000000,-0.347980,0.000000,0.000000,1.347980,0.000000
0.986000,0.000000,-0.348068,0.000000,0.000000,1.348068,0.000000
0.987000,0.000000,-0.348155,0.000000,0.000000,1.348155,0.000000
0.988000,0.000000,-0.348242,0.000000,0.000000,1.348242,0.000000
0.989000,0.000000,-0.348328,0.000000,0.000000,1.348328,0.000000
0.990000,0.000000,-0.348413,0.000000,0.000000,1.348413,0.000000
0.991000,0.000000,-0.348498,0.000000,0.000000,1.348498,0.000000
0.992000,0.000000,-0.348582,0.000000,0.000000,1.348582,0.000000
0.993000,0.000000,-0.348665,0.000000,0.000000,1.348665,0.000000
0.994000,0.000000,-0.348748,0.000000,0.000000,1.348748,0.000000
0.995000,0.000000,-0.348830,0.000000,0.000000,1.348830,0.000000
0.996000,0.000000,-0.348911,0.000000,0.000000,1.348911,0.000000
0.997000,0.000000,-0.348991,0.000000,0.000000,1.348991,0.000000
0.998000,0.000000,-0.349071,0.000000,0.000000,1.349071,0.000000
0.999000,0.000000,-0.349150,0.000000,0.000000,1.349150,0.000000
1.000000,0.000000,-0.349228,0.000000,0.000000,1.349228,0.000000